PLAY #,DN,playNum,ydLine,DOWN,DIST,DD,GN/LS,PLAY TYPE,OFF FORM,OFF PLAY,PREVIOUS PLAY,prevPlay,currentPlay,Down/Dist Scenarios,Game Changing Scenarios,Run/Pass Scenarios
2.0,1.0,2.0,-29.0,1.0,10.0,1.010.0,4.0,Run,TWINS OPEN HARD,POWER,,,POWER,0,0,Run for 1st Down
3.0,2.0,3.0,-33.0,2.0,7.0,2.07.0,0.0,Pass,TWINS OPEN SOFT,PA POWER,POWER,POWER,PA POWER,0,0,Run < 5 yds
4.0,3.0,4.0,-33.0,3.0,7.0,3.07.0,-10.0,Pass,QUEENS OPEN,RB SCREEN WK,PA POWER,PA POWER,RB SCREEN WK,0,0,Run < 0 yds
5.0,3.0,5.0,-23.0,3.0,17.0,3.017.0,3.0,Run,QUEENS OPEN,QB POWER,RB SCREEN WK,RB SCREEN WK,QB POWER,0,0,Run < 5 yds
7.0,1.0,7.0,38.0,1.0,10.0,1.010.0,0.0,Run,SPREAD BONE T OVER,POWER,QB POWER,QB POWER,POWER,0,0,Run < 5 yds
8.0,2.0,8.0,38.0,2.0,10.0,2.010.0,2.0,Run,PRO WING,BUCK SWEEP,POWER,POWER,BUCK SWEEP,0,0,Run < 5 yds
9.0,3.0,9.0,36.0,3.0,8.0,3.08.0,5.0,Pass,QUADS,3ST,BUCK SWEEP,BUCK SWEEP,3ST,0,0,Pass Complete
10.0,4.0,10.0,31.0,4.0,2.0,4.02.0,3.0,Run,QUEENS OPEN,QB POWER,3ST,3ST,QB POWER,0,0,Run < 5 yds
11.0,1.0,11.0,25.0,1.0,10.0,1.010.0,1.0,Run,QUEENS OPEN,INF TRAP,QB POWER,QB POWER,INF TRAP,4th and Short Conversion,0,Run for 1st Down
12.0,2.0,12.0,24.0,2.0,9.0,2.09.0,0.0,Pass,TWINS OPEN HARD,PA POWER,INF TRAP,INF TRAP,PA POWER,0,0,Run < 5 yds
13.0,3.0,13.0,24.0,3.0,9.0,3.09.0,3.0,Run,JOKER,VEGAS,PA POWER,PA POWER,VEGAS,0,0,Run < 5 yds
14.0,4.0,14.0,21.0,4.0,5.0,4.05.0,3.0,Pass,QUEENS OPEN,5ST,VEGAS,VEGAS,5ST,0,0,Run < 5 yds
15.0,4.0,15.0,26.0,4.0,11.0,4.011.0,3.0,Pass,QUADS,5ST,5ST,5ST,5ST,0,0,Run < 5 yds
20.0,1.0,20.0,-35.0,1.0,10.0,1.010.0,9.0,Run,SPREAD BONE T OVER,WING CTR,5ST,5ST,WING CTR,4th and Long Conversion,0,Run for 1st Down
21.0,2.0,21.0,-44.0,2.0,1.0,2.01.0,3.0,Run,QUEENS OPEN,CTR,WING CTR,WING CTR,CTR,0,0,Run < 5 yds
22.0,1.0,22.0,-47.0,1.0,10.0,1.010.0,-2.0,Run,TWINS OPEN HARD,POWER RD,CTR,CTR,POWER RD,0,0,Run < 0 yds
23.0,2.0,23.0,-45.0,2.0,12.0,2.012.0,5.0,Run,QUEENS OPEN,T WRAP,POWER RD,POWER RD,T WRAP,0,0,0
24.0,3.0,24.0,50.0,3.0,7.0,3.07.0,3.0,Pass,QUEENS OPEN,3ST,T WRAP,T WRAP,3ST,0,0,Run < 5 yds
27.0,1.0,27.0,34.0,1.0,10.0,1.010.0,20.0,Pass,TWINS OPEN SOFT,PA POWER,3ST,3ST,PA POWER,3rd Down Conversion,0,Run for 1st Down
28.0,1.0,28.0,14.0,1.0,10.0,1.010.0,8.0,Run,TWINS OPEN HARD,POWER,PA POWER,PA POWER,POWER,0,0,Run for 1st Down
29.0,2.0,29.0,6.0,2.0,2.0,2.02.0,5.0,Run,SPREAD BONE T OVER,G POWER,POWER,POWER,G POWER,0,0,0
30.0,1.0,30.0,1.0,1.0,1.0,1.01.0,-9.0,Run,TERRY,QB BUCK SWEEP,G POWER,G POWER,QB BUCK SWEEP,0,0,Run < 0 yds
31.0,2.0,31.0,10.0,2.0,10.0,2.010.0,-4.0,Pass,QUADS,5ST,QB BUCK SWEEP,QB BUCK SWEEP,5ST,0,0,Run < 0 yds
32.0,3.0,32.0,14.0,3.0,14.0,3.014.0,3.0,Pass,QUADS,3ST,5ST,5ST,3ST,0,0,Run < 5 yds
38.0,1.0,38.0,-33.0,1.0,10.0,1.010.0,7.0,Run,TWINS OPEN HARD,POWER,3ST,3ST,POWER,3rd Down Conversion,0,Run for 1st Down
39.0,2.0,39.0,-40.0,2.0,2.0,2.02.0,1.0,Run,UNBALANCED SLOT,TRAP,POWER,POWER,TRAP,0,0,Run < 5 yds
40.0,3.0,40.0,-41.0,3.0,1.0,3.01.0,5.0,Run,QUEENS OPEN,QB POWER,TRAP,TRAP,QB POWER,0,0,0
41.0,1.0,41.0,-46.0,1.0,10.0,1.010.0,0.0,Pass,UNBALANCED SLOT,BUCK SWEEP BOOT,QB POWER,QB POWER,BUCK SWEEP BOOT,0,0,Run < 5 yds
42.0,2.0,42.0,-46.0,2.0,10.0,2.010.0,3.0,Run,JOKER,POWER RD,BUCK SWEEP BOOT,BUCK SWEEP BOOT,POWER RD,0,0,Run < 5 yds
43.0,3.0,43.0,-49.0,3.0,7.0,3.07.0,4.0,Pass,QUADS,5ST,POWER RD,POWER RD,5ST,0,0,Run < 5 yds
45.0,1.0,45.0,-42.0,1.0,10.0,1.010.0,1.0,Run,SPREAD BONE T OVER,G POWER,5ST,5ST,G POWER,3rd Down Conversion,0,Run for 1st Down
46.0,2.0,46.0,-43.0,2.0,9.0,2.09.0,-1.0,Run,QUEENS OPEN,POWER,G POWER,G POWER,POWER,0,0,Run < 0 yds
47.0,3.0,47.0,-42.0,3.0,10.0,3.010.0,3.0,Pass,TWINS OPEN HARD,5ST,POWER,POWER,5ST,0,0,Run < 5 yds
68.0,1.0,68.0,-30.0,1.0,10.0,1.010.0,-5.0,Pass,TWINS OPEN HARD,PA POWER,5ST,5ST,PA POWER,0,0,Run < 0 yds
69.0,2.0,69.0,-25.0,2.0,15.0,2.015.0,0.0,Run,SPREAD BONE T OVER,WING CTR,PA POWER,PA POWER,WING CTR,0,0,Run < 5 yds
70.0,3.0,70.0,-25.0,3.0,15.0,3.015.0,3.0,Pass,QUEENS OPEN,RB SCREEN WK,WING CTR,WING CTR,RB SCREEN WK,0,0,Run < 5 yds
76.0,1.0,76.0,-18.0,1.0,10.0,1.010.0,-1.0,Run,TWINS OPEN HARD,POWER,RB SCREEN WK,RB SCREEN WK,POWER,0,0,Run < 0 yds
77.0,2.0,77.0,-17.0,2.0,11.0,2.011.0,4.0,Run,QUEENS OPEN,CTR RD,POWER,POWER,CTR RD,0,0,Run < 5 yds
78.0,3.0,78.0,-21.0,3.0,9.0,3.09.0,3.0,Pass,QUADS,5ST,CTR RD,CTR RD,5ST,0,0,Run < 5 yds
79.0,,79.0,3.0,3.0,3.0,nannan,3.0,3.0,QUADS,NO PLAY,5ST,5ST,NO PLAY,0,0,Run < 5 yds
98.0,1.0,98.0,-30.0,1.0,10.0,1.010.0,6.0,Run,TWINS OPEN HARD,BUCK SWEEP,NO PLAY,NO PLAY,BUCK SWEEP,3rd Down Conversion,0,Run for 1st Down
99.0,2.0,99.0,-36.0,2.0,4.0,2.04.0,2.0,Run,TWINS OPEN HARD,QB T WRAP,BUCK SWEEP,BUCK SWEEP,QB T WRAP,0,0,Run < 5 yds
100.0,3.0,100.0,-38.0,3.0,2.0,3.02.0,3.0,Run,JOKER,TRAP OPTION,QB T WRAP,QB T WRAP,TRAP OPTION,0,0,Run < 5 yds
101.0,1.0,101.0,-41.0,1.0,10.0,1.010.0,0.0,Pass,TWINS OPEN SOFT,PA POWER,TRAP OPTION,TRAP OPTION,PA POWER,0,0,Run < 5 yds
102.0,2.0,102.0,-41.0,2.0,10.0,2.010.0,4.0,Run,PRO WING,BUCK SWEEP,PA POWER,PA POWER,BUCK SWEEP,0,0,Run < 5 yds
103.0,3.0,103.0,-45.0,3.0,6.0,3.06.0,2.0,Pass,QUADS,5ST,BUCK SWEEP,BUCK SWEEP,5ST,0,0,Run < 5 yds
104.0,4.0,104.0,-47.0,4.0,4.0,4.04.0,3.0,3.0,QUEENS OPEN,NO PLAY,5ST,5ST,NO PLAY,0,0,Run < 5 yds
115.0,1.0,115.0,-32.0,1.0,10.0,1.010.0,20.0,Pass,SPREAD BONE T OVER,PA POWER,NO PLAY,NO PLAY,PA POWER,4th and Long Conversion,0,Run for 1st Down
116.0,1.0,116.0,48.0,1.0,10.0,1.010.0,14.0,Run,TWINS OPEN HARD,BUCK SWEEP,PA POWER,PA POWER,BUCK SWEEP,0,0,Run for 1st Down
117.0,1.0,117.0,34.0,1.0,10.0,1.010.0,-5.0,Run,TWINS OPEN HARD,BUCK SWEEP,BUCK SWEEP,BUCK SWEEP,BUCK SWEEP,0,0,Run < 0 yds
118.0,2.0,118.0,39.0,2.0,14.0,2.014.0,0.0,Pass,TWINS OPEN HARD,PA POWER,BUCK SWEEP,BUCK SWEEP,PA POWER,0,0,Run < 5 yds
119.0,3.0,119.0,39.0,3.0,14.0,3.014.0,13.0,Run,QUEENS OPEN,QB POWER,PA POWER,PA POWER,QB POWER,0,0,Run < 10 yds
120.0,4.0,120.0,26.0,4.0,1.0,4.01.0,3.0,Run,TERRY,WING CTR,QB POWER,QB POWER,WING CTR,0,0,Run < 5 yds
121.0,1.0,121.0,21.0,1.0,10.0,1.010.0,0.0,Pass,TWINS OPEN SOFT,PA POWER,WING CTR,WING CTR,PA POWER,0,0,Run < 5 yds
122.0,2.0,122.0,21.0,2.0,10.0,2.010.0,13.0,Run,JOKER,VEGAS,PA POWER,PA POWER,VEGAS,0,0,Run < 10 yds
123.0,1.0,123.0,8.0,1.0,8.0,1.08.0,7.0,Run,JOKER,POWER RD,VEGAS,VEGAS,POWER RD,2nd Down Conversion,0,0
124.0,2.0,124.0,1.0,2.0,1.0,2.01.0,0.0,Pass,JOKER,QB THROWBACK,POWER RD,POWER RD,QB THROWBACK,0,0,Run < 5 yds
125.0,3.0,125.0,1.0,3.0,1.0,3.01.0,-5.0,3.0,TERRY,NO PLAY,QB THROWBACK,QB THROWBACK,NO PLAY,0,0,Run < 0 yds
126.0,3.0,126.0,6.0,3.0,6.0,3.06.0,3.0,Run,SPREAD BONE T OVER,G POWER,NO PLAY,NO PLAY,G POWER,0,0,Run < 5 yds
127.0,4.0,127.0,3.0,4.0,3.0,4.03.0,3.0,Run,JOKER,QB POWER,G POWER,G POWER,QB POWER,0,0,Run < 5 yds
135.0,1.0,135.0,-38.0,1.0,10.0,1.010.0,1.0,Run,TWINS OPEN HARD,POWER RD,QB POWER,QB POWER,POWER RD,4th and Short Conversion,0,Run for 1st Down
136.0,2.0,136.0,-39.0,2.0,9.0,2.09.0,3.0,Run,TWINS OPEN HARD,QB T WRAP,POWER RD,POWER RD,QB T WRAP,0,0,Run < 5 yds
140.0,1.0,140.0,-36.0,1.0,10.0,1.010.0,20.0,Pass,TWINS OPEN SOFT,PA POWER,QB T WRAP,QB T WRAP,PA POWER,2nd Down Conversion,0,Run for 1st Down
141.0,1.0,141.0,44.0,1.0,10.0,1.010.0,9.0,Run,SPREAD BONE T OVER,G POWER,PA POWER,PA POWER,G POWER,0,0,Run for 1st Down
142.0,2.0,142.0,35.0,2.0,1.0,2.01.0,6.0,Run,JOKER,QB POWER,G POWER,G POWER,QB POWER,0,0,0
143.0,1.0,143.0,29.0,1.0,10.0,1.010.0,5.0,Run,SPREAD BONE T OVER,WING CTR,QB POWER,QB POWER,WING CTR,2nd Down Conversion,0,Run for 1st Down
144.0,2.0,144.0,24.0,2.0,4.0,2.04.0,0.0,Run,JOKER,VEGAS,WING CTR,WING CTR,VEGAS,0,0,Run < 5 yds
145.0,3.0,145.0,24.0,3.0,4.0,3.04.0,6.0,Pass,QUEENS OPEN,QB POWER RPO,VEGAS,VEGAS,QB POWER RPO,0,0,Pass Complete
146.0,1.0,146.0,18.0,1.0,10.0,1.010.0,3.0,Run,SPREAD BONE T OVER,G POWER,QB POWER RPO,QB POWER RPO,G POWER,3rd Down Conversion,0,Run for 1st Down
147.0,2.0,147.0,15.0,2.0,5.0,2.05.0,4.0,Run,SPREAD BONE T OVER,G POWER,G POWER,G POWER,G POWER,0,0,Run < 5 yds
148.0,3.0,148.0,11.0,3.0,5.0,3.05.0,5.0,Run,QUEENS OPEN,SPRINT DRAW,G POWER,G POWER,SPRINT DRAW,0,0,0
149.0,1.0,149.0,6.0,1.0,7.0,1.07.0,-5.0,Run,JOKER,JET RD,SPRINT DRAW,SPRINT DRAW,JET RD,0,0,Run < 0 yds
150.0,2.0,150.0,11.0,2.0,11.0,2.011.0,5.0,3.0,QUEENS OPEN,NO PLAY,JET RD,JET RD,NO PLAY,0,0,0
151.0,2.0,151.0,6.0,2.0,6.0,2.06.0,3.0,Run,QUEENS OPEN,QB POWER,NO PLAY,NO PLAY,QB POWER,0,0,Run < 5 yds
152.0,,152.0,3.0,3.0,3.0,nannan,3.0,3.0,SPREAD BONE T OVER,NO PLAY,QB POWER,QB POWER,NO PLAY,0,0,Run < 5 yds
153.0,3.0,153.0,5.0,3.0,5.0,3.05.0,3.0,Pass,PRO SOFTER T OVER,SPRINT THROWBACK,NO PLAY,NO PLAY,SPRINT THROWBACK,0,0,Run < 5 yds
167.0,1.0,167.0,-20.0,1.0,10.0,1.010.0,-5.0,Pass,QUADS,5ST,SPRINT THROWBACK,SPRINT THROWBACK,5ST,0,0,Run < 0 yds
168.0,2.0,168.0,-15.0,2.0,15.0,2.015.0,2.0,Run,QUADS,QB POWER,5ST,5ST,QB POWER,0,0,Run < 5 yds
169.0,3.0,169.0,-17.0,3.0,13.0,3.013.0,-2.0,Pass,QUADS,RB SCREEN STR,QB POWER,QB POWER,RB SCREEN STR,0,0,Run < 0 yds
170.0,4.0,170.0,-18.0,4.0,11.0,4.011.0,3.0,3.0,QUADS,5ST,RB SCREEN STR,RB SCREEN STR,5ST,0,0,Run < 5 yds
171.0,4.0,171.0,-13.0,4.0,16.0,4.016.0,3.0,Pass,QUADS,5ST,5ST,5ST,5ST,0,0,Run < 5 yds
5.0,1.0,5.0,-31.0,1.0,10.0,1.010.0,6.0,Run,QUEENS OPEN,QB POWER,5ST,5ST,QB POWER,4th and Long Conversion,0,Run for 1st Down
6.0,2.0,6.0,-37.0,2.0,4.0,2.04.0,-2.0,Run,TWINS OPEN HARD,JET SWEEP,QB POWER,QB POWER,JET SWEEP,0,0,Run < 0 yds
7.0,3.0,7.0,-35.0,3.0,6.0,3.06.0,3.0,Pass,TWINS OPEN HARDER,SPRINT,JET SWEEP,JET SWEEP,SPRINT,0,0,Run < 5 yds
22.0,1.0,22.0,-19.0,1.0,10.0,1.010.0,3.0,Run,TWINS OPEN HARD,POWER,SPRINT,SPRINT,POWER,3rd Down Conversion,0,Run for 1st Down
23.0,2.0,23.0,-22.0,2.0,7.0,2.07.0,-3.0,Run,TWINS TITE SOFTER,BUCK SWEEP,POWER,POWER,BUCK SWEEP,0,0,Run < 0 yds
24.0,3.0,24.0,-20.0,3.0,9.0,3.09.0,3.0,Run,QUEENS OPEN,QB DRAW,BUCK SWEEP,BUCK SWEEP,QB DRAW,0,0,Run < 5 yds
38.0,1.0,38.0,-17.0,1.0,10.0,1.010.0,-10.0,Pass,QUEENS OPEN,QB LONG TRAP,QB DRAW,QB DRAW,QB LONG TRAP,0,0,Run < 0 yds
39.0,2.0,39.0,-8.0,2.0,19.0,2.019.0,1.0,Run,SPREAD BONE T OVER,OZ,QB LONG TRAP,QB LONG TRAP,OZ,0,0,Run < 5 yds
40.0,3.0,40.0,-9.0,3.0,18.0,3.018.0,10.0,Pass,QUEENS OPEN,3ST,OZ,OZ,3ST,0,0,Pass Complete
41.0,1.0,41.0,-19.0,1.0,10.0,1.010.0,2.0,Run,SPREAD BONE T OVER,G POWER,3ST,3ST,G POWER,3rd Down Conversion,0,Run for 1st Down
42.0,2.0,42.0,-21.0,2.0,8.0,2.08.0,-1.0,Run,TWINS OPEN SOFT,POWER,G POWER,G POWER,POWER,0,0,Run < 0 yds
43.0,3.0,43.0,-20.0,3.0,9.0,3.09.0,3.0,Pass,TWINS OPEN HARD,5ST,POWER,POWER,5ST,0,0,Run < 5 yds
53.0,1.0,53.0,-33.0,1.0,10.0,1.010.0,2.0,Pass,QUEENS OPEN,3ST,5ST,5ST,3ST,3rd Down Conversion,0,Run for 1st Down
54.0,2.0,54.0,-35.0,2.0,8.0,2.08.0,6.0,Pass,TWINS TITE SOFTER,BUCK SWEEP BOOT,3ST,3ST,BUCK SWEEP BOOT,0,0,Pass Complete
55.0,3.0,55.0,-41.0,3.0,2.0,3.02.0,3.0,Run,TWINS OPEN HARD,QB DBL POWER,BUCK SWEEP BOOT,BUCK SWEEP BOOT,QB DBL POWER,0,0,Run < 5 yds
66.0,1.0,66.0,-41.0,1.0,10.0,1.010.0,0.0,Pass,QUADS,3ST,QB DBL POWER,QB DBL POWER,3ST,0,0,Run < 5 yds
67.0,2.0,67.0,-43.0,2.0,8.0,2.08.0,0.0,Pass,QUADS,5ST,3ST,3ST,5ST,0,0,Run < 5 yds
68.0,3.0,68.0,-47.0,3.0,4.0,3.04.0,9.0,Pass,QUADS,5ST,5ST,5ST,5ST,0,0,Pass Complete
69.0,1.0,69.0,44.0,1.0,10.0,1.010.0,0.0,Pass,QUADS,5ST,5ST,5ST,5ST,0,0,Run < 5 yds
70.0,2.0,70.0,44.0,2.0,10.0,2.010.0,-5.0,Pass,QUADS,NO PLAY,5ST,5ST,NO PLAY,0,0,Run < 0 yds
71.0,2.0,71.0,49.0,2.0,15.0,2.015.0,11.0,Run,QUADS,QB POWER,NO PLAY,NO PLAY,QB POWER,0,0,Run < 10 yds
72.0,1.0,72.0,38.0,1.0,10.0,1.010.0,5.0,Pass,QUADS,5ST,QB POWER,QB POWER,5ST,2nd Down Conversion,0,Run for 1st Down
73.0,2.0,73.0,33.0,2.0,5.0,2.05.0,1.0,Run,QUADS,QB DRAW,5ST,5ST,QB DRAW,0,0,Run < 5 yds
74.0,3.0,74.0,32.0,3.0,4.0,3.04.0,14.0,Pass,QUADS,5ST,QB DRAW,QB DRAW,5ST,0,0,Run < 10 yds
75.0,1.0,75.0,18.0,1.0,10.0,1.010.0,0.0,Pass,QUADS,3ST,5ST,5ST,3ST,0,0,Run < 5 yds
76.0,2.0,76.0,18.0,2.0,10.0,2.010.0,3.0,Pass,QUADS,5ST,3ST,3ST,5ST,0,0,Run < 5 yds
89.0,1.0,89.0,-35.0,1.0,10.0,1.010.0,15.0,Run,QUEENS OPEN,QB POWER,5ST,5ST,QB POWER,2nd Down Conversion,0,Run for 1st Down
90.0,1.0,90.0,50.0,1.0,10.0,1.010.0,45.0,Pass,TWINS OPEN HARD,PA POWER,QB POWER,QB POWER,PA POWER,0,Run/Pass > 30 yds,Run for 1st Down
91.0,2.0,91.0,50.0,2.0,10.0,2.010.0,4.0,Pass,QUEENS OPEN,SPRINT,PA POWER,PA POWER,SPRINT,0,0,Run < 5 yds
92.0,3.0,92.0,46.0,3.0,6.0,3.06.0,0.0,Pass,QUEENS OPEN,3ST,SPRINT,SPRINT,3ST,0,0,Run < 5 yds
93.0,4.0,93.0,46.0,4.0,6.0,4.06.0,3.0,3.0,QUEENS OPEN,QB POWER,3ST,3ST,QB POWER,0,0,Run < 5 yds
99.0,1.0,99.0,-47.0,1.0,10.0,1.010.0,-1.0,Run,TWINS OPEN HARD,QB T WRAP,QB POWER,QB POWER,QB T WRAP,0,0,Run < 0 yds
100.0,2.0,100.0,-46.0,2.0,11.0,2.011.0,0.0,Pass,TWINS OPEN HARD,PULL BOOT,QB T WRAP,QB T WRAP,PULL BOOT,0,0,Run < 5 yds
101.0,3.0,101.0,-46.0,3.0,11.0,3.011.0,27.0,Pass,TWINS OPEN HARD,5ST,PULL BOOT,PULL BOOT,5ST,0,0,Run < 10 yds
102.0,1.0,102.0,27.0,1.0,10.0,1.010.0,0.0,Run,QUEENS OPEN,QB POWER,5ST,5ST,QB POWER,0,0,Run < 5 yds
103.0,2.0,103.0,27.0,2.0,10.0,2.010.0,0.0,Run,JOKER,JET RD,QB POWER,QB POWER,JET RD,0,0,Run < 5 yds
104.0,3.0,104.0,27.0,3.0,8.0,3.08.0,12.0,Pass,TWINS OPEN HARD,5ST,JET RD,JET RD,5ST,0,0,Run < 10 yds
105.0,1.0,105.0,15.0,1.0,10.0,1.010.0,12.0,Pass,TWINS TITE SOFTER,PA POWER,5ST,5ST,PA POWER,3rd Down Conversion,0,Run for 1st Down
106.0,1.0,106.0,3.0,1.0,3.0,1.03.0,3.0,Run,TWINS OPEN HARD,QB DBL POWER,PA POWER,PA POWER,QB DBL POWER,0,0,Run < 5 yds
115.0,1.0,115.0,-41.0,1.0,10.0,1.010.0,40.0,Pass,SPREAD BONE T OVER,FLEA FLICKER,QB DBL POWER,QB DBL POWER,FLEA FLICKER,0,Run/Pass > 30 yds,Run for 1st Down
116.0,1.0,116.0,19.0,1.0,10.0,1.010.0,0.0,Pass,TWINS OPEN HARD,POWER BOOT,FLEA FLICKER,FLEA FLICKER,POWER BOOT,0,0,Run < 5 yds
117.0,2.0,117.0,19.0,2.0,10.0,2.010.0,0.0,Run,JOKER,QB COUNTER,POWER BOOT,POWER BOOT,QB COUNTER,0,0,Run < 5 yds
118.0,3.0,118.0,19.0,3.0,10.0,3.010.0,3.0,Pass,QUADS,5ST,QB COUNTER,QB COUNTER,5ST,0,0,Run < 5 yds
126.0,1.0,126.0,-1.0,1.0,10.0,1.010.0,3.0,Run,SPREAD BONE T OVER,G POWER,5ST,5ST,G POWER,3rd Down Conversion,0,Run for 1st Down
127.0,2.0,127.0,-4.0,2.0,7.0,2.07.0,2.0,Run,SPREAD BONE T OVER,POWER,G POWER,G POWER,POWER,0,0,Run < 5 yds
128.0,3.0,128.0,-6.0,3.0,5.0,3.05.0,-2.0,Pass,QUEENS OPEN,SPRINT,POWER,POWER,SPRINT,0,0,Run < 0 yds
129.0,3.0,129.0,-4.0,3.0,7.0,3.07.0,3.0,Pass,QUEENS OPEN,5ST,SPRINT,SPRINT,5ST,0,0,Run < 5 yds
134.0,1.0,134.0,-28.0,1.0,10.0,1.010.0,0.0,Run,TWINS OPEN SOFT,POWER 3,5ST,5ST,POWER 3,0,0,Run < 5 yds
135.0,2.0,135.0,-28.0,2.0,10.0,2.010.0,8.0,Run,JOKER,JET RD,POWER 3,POWER 3,JET RD,0,0,0
136.0,3.0,136.0,-36.0,3.0,2.0,3.02.0,3.0,Run,TWINS OPEN HARD,QB POWER,JET RD,JET RD,QB POWER,0,0,Run < 5 yds
137.0,1.0,137.0,-39.0,1.0,10.0,1.010.0,-4.0,Pass,QUEENS OPEN,5ST,QB POWER,QB POWER,5ST,0,0,Run < 0 yds
138.0,2.0,138.0,-35.0,2.0,14.0,2.014.0,0.0,Pass,TWINS OPEN HARD,POWER BOOT,5ST,5ST,POWER BOOT,0,0,Run < 5 yds
139.0,3.0,139.0,-35.0,3.0,14.0,3.014.0,11.0,Pass,TWINS OPEN HARD,5ST,POWER BOOT,POWER BOOT,5ST,0,0,Run < 10 yds
140.0,4.0,140.0,-46.0,4.0,3.0,4.03.0,3.0,Pass,QUEENS OPEN,3ST,5ST,5ST,3ST,0,0,Run < 5 yds
145.0,1.0,145.0,-15.0,1.0,10.0,1.010.0,-2.0,Pass,QUADS,3ST,3ST,3ST,3ST,0,0,Run < 0 yds
146.0,2.0,146.0,-4.0,2.0,17.0,2.017.0,6.0,Run,QUADS,QB POWER,3ST,3ST,QB POWER,0,0,0
147.0,3.0,147.0,-10.0,3.0,11.0,3.011.0,13.0,Pass,QUADS,5ST,QB POWER,QB POWER,5ST,0,0,Run < 10 yds
148.0,1.0,148.0,-23.0,1.0,10.0,1.010.0,0.0,Pass,QUADS,5ST,5ST,5ST,5ST,0,0,Run < 5 yds
149.0,2.0,149.0,-23.0,2.0,10.0,2.010.0,2.0,Pass,QUADS,3ST,5ST,5ST,3ST,0,0,Run < 5 yds
150.0,3.0,150.0,-25.0,3.0,8.0,3.08.0,3.0,Pass,QUADS,5ST,3ST,3ST,5ST,0,0,Run < 5 yds
151.0,4.0,151.0,-27.0,4.0,6.0,4.06.0,3.0,Pass,QUADS,5ST,5ST,5ST,5ST,0,0,Run < 5 yds
2.0,1.0,2.0,-26.0,1.0,10.0,1.010.0,0.0,3.0,QUADS,IZ 3,5ST,5ST,IZ 3,0,0,Run < 5 yds
3.0,2.0,3.0,-26.0,2.0,10.0,2.010.0,-2.0,3.0,SPREAD,3.0,IZ 3,IZ 3,3.0,0,0,Run < 0 yds
4.0,3.0,4.0,-24.0,3.0,12.0,3.012.0,3.0,3.0,QUEENS OPEN,SPRINT DRAW,3.0,3.0,SPRINT DRAW,0,0,Run < 5 yds
10.0,1.0,10.0,-12.0,1.0,10.0,1.010.0,-5.0,3.0,QUADS,X TUNNEL,SPRINT DRAW,SPRINT DRAW,X TUNNEL,0,0,Run < 0 yds
11.0,2.0,11.0,-7.0,2.0,15.0,2.015.0,2.0,3.0,QUADS,3.0,X TUNNEL,X TUNNEL,3.0,0,0,Run < 5 yds
12.0,3.0,12.0,-9.0,3.0,13.0,3.013.0,3.0,3.0,QUADS,3 ST,3.0,3.0,3 ST,0,0,Run < 5 yds
14.0,1.0,14.0,-24.0,1.0,10.0,1.010.0,1.0,3.0,QUADS,IZ 3,3 ST,3 ST,IZ 3,3rd Down Conversion,0,Run for 1st Down
15.0,2.0,15.0,-25.0,2.0,9.0,2.09.0,15.0,3.0,QUADS,SPRINT,IZ 3,IZ 3,SPRINT,0,0,Run < 10 yds
16.0,1.0,16.0,-40.0,1.0,10.0,1.010.0,0.0,3.0,QUADS,NO PLAY,SPRINT,SPRINT,NO PLAY,0,0,Run < 5 yds
17.0,1.0,17.0,-40.0,1.0,10.0,1.010.0,0.0,3.0,QUADS,PA 5 ST,NO PLAY,NO PLAY,PA 5 ST,0,0,Run < 5 yds
18.0,2.0,18.0,-40.0,2.0,10.0,2.010.0,40.0,3.0,QUEENS OPEN,POWER RD,PA 5 ST,PA 5 ST,POWER RD,0,Run/Pass > 30 yds,Run < 10 yds
19.0,1.0,19.0,20.0,1.0,10.0,1.010.0,0.0,3.0,QUEENS OPEN,5 ST,POWER RD,POWER RD,5 ST,0,0,Run < 5 yds
20.0,2.0,20.0,11.0,2.0,1.0,2.01.0,0.0,3.0,QUEENS OPEN,3 ST,5 ST,5 ST,3 ST,0,0,Run < 5 yds
21.0,3.0,21.0,11.0,3.0,1.0,3.01.0,0.0,3.0,QUEENS OPEN,POWER RD,3 ST,3 ST,POWER RD,0,0,Run < 5 yds
22.0,4.0,22.0,11.0,4.0,1.0,4.01.0,3.0,3.0,TWINS OPEN SOFTER,VEGAS,POWER RD,POWER RD,VEGAS,0,0,Run < 5 yds
23.0,1.0,23.0,10.0,1.0,10.0,1.010.0,1.0,3.0,SPREAD,SPRINT,VEGAS,VEGAS,SPRINT,4th and Short Conversion,0,Run for 1st Down
24.0,2.0,24.0,9.0,2.0,9.0,2.09.0,-11.0,3.0,QUADS,JET SWEEP,SPRINT,SPRINT,JET SWEEP,0,0,Run < 0 yds
25.0,3.0,25.0,20.0,3.0,20.0,3.020.0,0.0,3.0,QUADS,NO PLAY,JET SWEEP,JET SWEEP,NO PLAY,0,0,Run < 5 yds
26.0,3.0,26.0,20.0,3.0,20.0,3.020.0,3.0,3.0,KINGS OPEN,SPRINT THROWBACK,NO PLAY,NO PLAY,SPRINT THROWBACK,0,0,Run < 5 yds
37.0,1.0,37.0,-25.0,1.0,5.0,1.05.0,0.0,3.0,MICKEY MOUSE,SPOT SCREEN,SPRINT THROWBACK,SPRINT THROWBACK,SPOT SCREEN,0,0,Run < 5 yds
38.0,2.0,38.0,-25.0,2.0,5.0,2.05.0,-5.0,3.0,TWINS OPEN SOFTER,NAKED BOOT,SPOT SCREEN,SPOT SCREEN,NAKED BOOT,0,0,Run < 0 yds
39.0,3.0,39.0,-20.0,3.0,10.0,3.010.0,3.0,3.0,QUADS,RB SCREEN,NAKED BOOT,NAKED BOOT,RB SCREEN,0,0,Run < 5 yds
49.0,1.0,49.0,-10.0,1.0,10.0,1.010.0,-5.0,3.0,QUEENS OPEN,JET SWEEP,RB SCREEN,RB SCREEN,JET SWEEP,0,0,Run < 0 yds
50.0,2.0,50.0,-5.0,2.0,15.0,2.015.0,0.0,3.0,TWINS OPEN HARDER,SPRINT,JET SWEEP,JET SWEEP,SPRINT,0,0,Run < 5 yds
63.0,1.0,63.0,-21.0,1.0,10.0,1.010.0,3.0,3.0,TWINS OPEN HARDER,SPLIT ZONE,SPRINT,SPRINT,SPLIT ZONE,2nd Down Conversion,0,Run for 1st Down
67.0,1.0,67.0,-32.0,1.0,10.0,1.010.0,2.0,3.0,SPREAD,3 ST,SPLIT ZONE,SPLIT ZONE,3 ST,0,0,Run for 1st Down
68.0,2.0,68.0,-34.0,2.0,8.0,2.08.0,-1.0,3.0,KINGS OPEN,IZ 3,3 ST,3 ST,IZ 3,0,0,Run < 0 yds
69.0,3.0,69.0,-33.0,3.0,9.0,3.09.0,3.0,3.0,TWINS OPEN SOFTER,5 ST,IZ 3,IZ 3,5 ST,0,0,Run < 5 yds
75.0,1.0,75.0,-15.0,1.0,10.0,1.010.0,3.0,3.0,QUADS,JET SWEEP REVERSE,5 ST,5 ST,JET SWEEP REVERSE,3rd Down Conversion,0,Run for 1st Down
78.0,1.0,78.0,-24.0,1.0,10.0,1.010.0,1.0,3.0,TWINS OPEN HARDER,SPLIT IZ,JET SWEEP REVERSE,JET SWEEP REVERSE,SPLIT IZ,0,0,Run for 1st Down
79.0,2.0,79.0,-25.0,2.0,9.0,2.09.0,6.0,3.0,KINGS OPEN,IZ 3,SPLIT IZ,SPLIT IZ,IZ 3,0,0,0
80.0,3.0,80.0,-31.0,3.0,3.0,3.03.0,11.0,3.0,SPREAD,3 ST,IZ 3,IZ 3,3 ST,0,0,Run < 10 yds
81.0,1.0,81.0,-42.0,1.0,10.0,1.010.0,-7.0,3.0,SPREAD,3 ST,3 ST,3 ST,3 ST,0,0,Run < 0 yds
82.0,2.0,82.0,-35.0,2.0,17.0,2.017.0,-20.0,3.0,TWINS OPEN SOFTER,5 ST,3 ST,3 ST,5 ST,0,0,Run < 0 yds
83.0,3.0,83.0,-15.0,3.0,37.0,3.037.0,0.0,3.0,ACES,IZ,5 ST,5 ST,IZ,0,0,Run < 5 yds
101.0,1.0,101.0,-26.0,1.0,10.0,1.010.0,1.0,3.0,KINGS OPEN,IZ,IZ,IZ,IZ,3rd Down Conversion,0,Run for 1st Down
102.0,2.0,102.0,-27.0,2.0,9.0,2.09.0,6.0,3.0,TWINS OPEN SOFTER,POWER RD,IZ,IZ,POWER RD,0,0,0
103.0,3.0,103.0,-33.0,3.0,3.0,3.03.0,3.0,3.0,TWINS OPEN HARDER,SPLIT IZ,POWER RD,POWER RD,SPLIT IZ,0,0,Run < 5 yds
110.0,1.0,110.0,-43.0,1.0,10.0,1.010.0,0.0,3.0,KINGS OPEN,S TUNNEL,SPLIT IZ,SPLIT IZ,S TUNNEL,0,0,Run < 5 yds
111.0,2.0,111.0,-43.0,2.0,10.0,2.010.0,0.0,3.0,TWINS OPEN HARDER,SPRINT,S TUNNEL,S TUNNEL,SPRINT,0,0,Run < 5 yds
112.0,3.0,112.0,-43.0,3.0,10.0,3.010.0,3.0,3.0,QUADS,RB SCREEN,SPRINT,SPRINT,RB SCREEN,0,0,Run < 5 yds
125.0,1.0,125.0,-29.0,1.0,10.0,1.010.0,1.0,3.0,ACES,IZ,RB SCREEN,RB SCREEN,IZ,3rd Down Conversion,0,Run for 1st Down
126.0,2.0,126.0,-30.0,2.0,9.0,2.09.0,3.0,3.0,KINGS OPEN,3 ST,IZ,IZ,3 ST,0,0,Run < 5 yds
127.0,3.0,127.0,-33.0,3.0,6.0,3.06.0,3.0,3.0,QUEENS OPEN,5 ST,3 ST,3 ST,5 ST,0,0,Run < 5 yds
138.0,1.0,138.0,-41.0,1.0,10.0,1.010.0,18.0,3.0,KINGS OPEN,3 ST,5 ST,5 ST,3 ST,3rd Down Conversion,0,Run for 1st Down
139.0,2.0,139.0,-41.0,2.0,10.0,2.010.0,6.0,3.0,SPREAD,POWER RD,3 ST,3 ST,POWER RD,0,0,0
140.0,3.0,140.0,-47.0,3.0,4.0,3.04.0,3.0,3.0,SPREAD,3 ST,POWER RD,POWER RD,3 ST,0,0,Run < 5 yds
141.0,4.0,141.0,50.0,4.0,1.0,4.01.0,3.0,3.0,TWINS OPEN SOFTER,JET RD,3 ST,3 ST,JET RD,0,0,Run < 5 yds
149.0,1.0,149.0,-23.0,1.0,10.0,1.010.0,-7.0,3.0,KINGS OPEN,PA 3 ST,JET RD,JET RD,PA 3 ST,0,0,Run < 0 yds
150.0,2.0,150.0,-16.0,2.0,17.0,2.017.0,1.0,3.0,SPREAD,IZ RD,PA 3 ST,PA 3 ST,IZ RD,0,0,Run < 5 yds
151.0,3.0,151.0,-17.0,3.0,16.0,3.016.0,3.0,3.0,SPREAD,5 ST,IZ RD,IZ RD,5 ST,0,0,Run < 5 yds
158.0,1.0,158.0,-27.0,1.0,10.0,1.010.0,1.0,3.0,TWINS OPEN HARDER,SPLIT IZ,5 ST,5 ST,SPLIT IZ,3rd Down Conversion,0,Run for 1st Down
159.0,2.0,159.0,-28.0,2.0,9.0,2.09.0,-2.0,3.0,SPREAD,JET RD,SPLIT IZ,SPLIT IZ,JET RD,0,0,Run < 0 yds
160.0,3.0,160.0,-26.0,3.0,11.0,3.011.0,3.0,3.0,TWINS OPEN HARDER,SPRINT,JET RD,JET RD,SPRINT,0,0,Run < 5 yds
12.0,1.0,12.0,-28.0,1.0,10.0,1.010.0,3.0,Pass,PRO HARDER,PA 5 ST,SPRINT,SPRINT,PA 5 ST,3rd Down Conversion,0,Run for 1st Down
14.0,2.0,14.0,-28.0,2.0,10.0,2.010.0,3.0,Run,SPREAD,IZ,PA 5 ST,PA 5 ST,IZ,0,0,Run < 5 yds
16.0,3.0,16.0,-34.0,3.0,4.0,3.04.0,3.0,Run,KINGS OPEN,OZ,IZ,IZ,OZ,0,0,Run < 5 yds
34.0,1.0,34.0,-47.0,1.0,10.0,1.010.0,3.0,Run,QUADS BONE,JET SWEEP,OZ,OZ,JET SWEEP,3rd Down Conversion,0,Run for 1st Down
36.0,2.0,36.0,50.0,2.0,7.0,2.07.0,3.0,Pass,TWINS TITE HARDER,PA 5 ST,JET SWEEP,JET SWEEP,PA 5 ST,0,0,Run < 5 yds
38.0,3.0,38.0,48.0,3.0,5.0,3.05.0,3.0,3.0,QUADS BONE,3.0,PA 5 ST,PA 5 ST,3.0,0,0,Run < 5 yds
40.0,3.0,40.0,-47.0,3.0,10.0,3.010.0,3.0,Run,QUEENS OPEN,QB DRAW,3.0,3.0,QB DRAW,0,0,Run < 5 yds
56.0,1.0,56.0,48.0,1.0,10.0,1.010.0,5.0,Run,JOKER,JET SWEEP,QB DRAW,QB DRAW,JET SWEEP,3rd Down Conversion,0,Run for 1st Down
58.0,2.0,58.0,43.0,2.0,5.0,2.05.0,3.0,Pass,QUADS BONE,PA 3 STEP,JET SWEEP,JET SWEEP,PA 3 STEP,0,0,Run < 5 yds
60.0,3.0,60.0,43.0,3.0,5.0,3.05.0,3.0,Run,TWINS TITE HARDER,JET SWEEP,PA 3 STEP,PA 3 STEP,JET SWEEP,0,0,Run < 5 yds
104.0,1.0,104.0,-9.0,1.0,10.0,1.010.0,3.0,Run,TWINS TITE SOFTER,OZ,JET SWEEP,JET SWEEP,OZ,3rd Down Conversion,0,Run for 1st Down
106.0,2.0,106.0,-10.0,2.0,9.0,2.09.0,3.0,Run,SPREAD,IZ,OZ,OZ,IZ,0,0,Run < 5 yds
108.0,1.0,108.0,-37.0,1.0,10.0,1.010.0,3.0,Pass,QUEENS OPEN,5 ST,IZ,IZ,5 ST,2nd Down Conversion,0,Run for 1st Down
110.0,1.0,110.0,-48.0,1.0,10.0,1.010.0,3.0,Run,KINGS OPEN,OZ,5 ST,5 ST,OZ,0,0,Run for 1st Down
112.0,2.0,112.0,-49.0,2.0,9.0,2.09.0,3.0,Run,TWINS TITE SOFTER,TRIPLE OPTION,OZ,OZ,TRIPLE OPTION,0,0,Run < 5 yds
114.0,3.0,114.0,47.0,3.0,5.0,3.05.0,3.0,Pass,QUADS BONE,PA 5 ST,TRIPLE OPTION,TRIPLE OPTION,PA 5 ST,0,0,Run < 5 yds
126.0,1.0,126.0,46.0,1.0,10.0,1.010.0,3.0,Run,KINGS OPEN,IZ,PA 5 ST,PA 5 ST,IZ,3rd Down Conversion,0,Run for 1st Down
128.0,2.0,128.0,46.0,2.0,2.0,2.02.0,3.0,Pass,SPREAD,PA 5 ST,IZ,IZ,PA 5 ST,0,0,Run < 5 yds
136.0,1.0,136.0,-29.0,1.0,10.0,1.010.0,3.0,Run,PRO SOFTER,JET SWEEP,PA 5 ST,PA 5 ST,JET SWEEP,2nd Down Conversion,0,Run for 1st Down
138.0,2.0,138.0,-35.0,2.0,4.0,2.04.0,3.0,Run,KINGS OPEN,ZONE READ,JET SWEEP,JET SWEEP,ZONE READ,0,0,Run < 5 yds
140.0,3.0,140.0,-35.0,3.0,4.0,3.04.0,3.0,Run,SPREAD BONE,JET SWEEP,ZONE READ,ZONE READ,JET SWEEP,0,0,Run < 5 yds
152.0,1.0,152.0,-49.0,1.0,10.0,1.010.0,3.0,Run,KINGS OPEN,QB DRAW,JET SWEEP,JET SWEEP,QB DRAW,3rd Down Conversion,0,Run for 1st Down
171.0,1.0,171.0,-24.0,1.0,10.0,1.010.0,3.0,3.0,VICTORY,KNEEL,QB DRAW,QB DRAW,KNEEL,0,0,Run for 1st Down
175.0,1.0,175.0,-29.0,1.0,10.0,1.010.0,3.0,Run,PRO HARDER,JET VEER,KNEEL,KNEEL,JET VEER,0,0,Run for 1st Down
177.0,2.0,177.0,-29.0,2.0,10.0,2.010.0,3.0,Pass,TWINS OPEN SOFTER,PA 5 ST,JET VEER,JET VEER,PA 5 ST,0,0,Run < 5 yds
179.0,3.0,179.0,-29.0,3.0,10.0,3.010.0,3.0,Pass,SPREAD,5 ST,PA 5 ST,PA 5 ST,5 ST,0,0,Run < 5 yds
195.0,1.0,195.0,-30.0,1.0,10.0,1.010.0,3.0,Run,SPREAD BONE,IZ,5 ST,5 ST,IZ,3rd Down Conversion,0,Run for 1st Down
197.0,2.0,197.0,-29.0,2.0,11.0,2.011.0,3.0,Run,SPREAD BONE,TRIPLE OPTION,IZ,IZ,TRIPLE OPTION,0,0,Run < 5 yds
199.0,3.0,199.0,-39.0,3.0,1.0,3.01.0,3.0,Run,SPREAD BONE,TRIPLE OPTION,TRIPLE OPTION,TRIPLE OPTION,TRIPLE OPTION,0,0,Run < 5 yds
201.0,1.0,201.0,-45.0,1.0,10.0,1.010.0,3.0,Pass,TWINS TITE SOFTER,SACK,TRIPLE OPTION,TRIPLE OPTION,SACK,3rd Down Conversion,0,Run for 1st Down
203.0,2.0,203.0,-43.0,2.0,12.0,2.012.0,3.0,Run,QUEENS TITE,JET SWEEP,SACK,SACK,JET SWEEP,0,0,Run < 5 yds
205.0,1.0,205.0,42.0,1.0,10.0,1.010.0,3.0,Pass,TWINS OPEN HARDER,5 ST,JET SWEEP,JET SWEEP,5 ST,2nd Down Conversion,0,Run for 1st Down
207.0,2.0,207.0,35.0,2.0,3.0,2.03.0,3.0,Run,SPREAD,IZ,5 ST,5 ST,IZ,0,0,Run < 5 yds
209.0,2.0,209.0,45.0,2.0,13.0,2.013.0,3.0,Pass,QUADS BONE,5 ST,IZ,IZ,5 ST,0,0,Run < 5 yds
211.0,1.0,211.0,6.0,1.0,6.0,1.06.0,3.0,Run,QUADS BONE,JET SWEEP,5 ST,5 ST,JET SWEEP,2nd Down Conversion,0,Run < 5 yds
225.0,1.0,225.0,-41.0,1.0,10.0,1.010.0,3.0,Pass,QUADS,SACK,JET SWEEP,JET SWEEP,SACK,0,0,Run for 1st Down
241.0,1.0,241.0,-15.0,1.0,10.0,1.010.0,3.0,Run,SPREAD,POWER,SACK,SACK,POWER,0,0,Run for 1st Down
243.0,2.0,243.0,-17.0,2.0,8.0,2.08.0,3.0,Run,KINGS OPEN,ZONE READ,POWER,POWER,ZONE READ,0,0,Run < 5 yds
245.0,3.0,245.0,-23.0,3.0,2.0,3.02.0,3.0,Run,PRO HARDER,JET VEER,ZONE READ,ZONE READ,JET VEER,0,0,Run < 5 yds
247.0,1.0,247.0,-27.0,1.0,10.0,1.010.0,3.0,Pass,TWINS OPEN SOFTER,IZ RPO,JET VEER,JET VEER,IZ RPO,3rd Down Conversion,0,Run for 1st Down
249.0,2.0,249.0,-30.0,2.0,7.0,2.07.0,3.0,Run,DBL WING SPLIT,ZONE READ,IZ RPO,IZ RPO,ZONE READ,0,0,Run < 5 yds
251.0,3.0,251.0,-30.0,3.0,7.0,3.07.0,3.0,Pass,QUEENS OPEN,5 ST,ZONE READ,ZONE READ,5 ST,0,0,Run < 5 yds
253.0,1.0,253.0,-45.0,1.0,10.0,1.010.0,3.0,Pass,QUEENS OPEN,5 ST,5 ST,5 ST,5 ST,3rd Down Conversion,0,Run for 1st Down
255.0,1.0,255.0,45.0,1.0,10.0,1.010.0,3.0,Pass,TWINS OPEN SOFTER,5 ST,5 ST,5 ST,5 ST,0,0,Run for 1st Down
257.0,1.0,257.0,-45.0,1.0,20.0,1.020.0,3.0,Run,QUEENS OPEN,QB DRAW,5 ST,5 ST,QB DRAW,0,0,Run < 5 yds
259.0,2.0,259.0,38.0,2.0,3.0,2.03.0,3.0,Run,DBL WING SPLIT,IZ,QB DRAW,QB DRAW,IZ,0,0,Run < 5 yds
261.0,3.0,261.0,39.0,3.0,4.0,3.04.0,3.0,Pass,QUADS BONE,PA 5 ST,IZ,IZ,PA 5 ST,0,0,Run < 5 yds
263.0,4.0,263.0,39.0,4.0,4.0,4.04.0,3.0,Pass,JOKER,JET PASS,PA 5 ST,PA 5 ST,JET PASS,0,0,Run < 5 yds
294.0,1.0,294.0,-1.0,1.0,10.0,1.010.0,3.0,Run,KINGS TITE,QB SNEAK,JET PASS,JET PASS,QB SNEAK,4th and Long Conversion,0,Run for 1st Down
296.0,2.0,296.0,-1.0,2.0,10.0,2.010.0,3.0,Run,KINGS TITE,IZ,QB SNEAK,QB SNEAK,IZ,0,0,Run < 5 yds
316.0,1.0,316.0,-34.0,1.0,10.0,1.010.0,3.0,Run,QUEENS OPEN,QB DRAW,IZ,IZ,QB DRAW,2nd Down Conversion,0,Run for 1st Down
318.0,2.0,318.0,-37.0,2.0,7.0,2.07.0,3.0,Pass,QUEENS OPEN,5 ST,QB DRAW,QB DRAW,5 ST,0,0,Run < 5 yds
320.0,3.0,320.0,-37.0,3.0,7.0,3.07.0,3.0,Pass,TWINS OPEN HARDER,5 ST,5 ST,5 ST,5 ST,0,0,Run < 5 yds
322.0,4.0,322.0,-37.0,4.0,7.0,4.07.0,3.0,Pass,TWINS OPEN SOFTER,5 ST,5 ST,5 ST,5 ST,0,0,Run < 5 yds
324.0,1.0,324.0,-45.0,1.0,10.0,1.010.0,3.0,Pass,QUEENS OPEN,5 ST,5 ST,5 ST,5 ST,4th and Long Conversion,0,Run for 1st Down
326.0,1.0,326.0,-35.0,1.0,20.0,1.020.0,3.0,Pass,QUEENS OPEN,5 ST,5 ST,5 ST,5 ST,0,0,Run < 5 yds
328.0,1.0,328.0,44.0,1.0,25.0,1.025.0,3.0,Pass,QUEENS OPEN,5 ST,5 ST,5 ST,5 ST,0,0,Run < 5 yds
330.0,1.0,330.0,-41.0,1.0,20.0,1.020.0,3.0,Run,TWINS OPEN SOFTER,JET SWEEP,5 ST,5 ST,JET SWEEP,0,0,Run < 5 yds
332.0,2.0,332.0,-41.0,2.0,25.0,2.025.0,5.0,Pass,TWINS OPEN HARDER,5 ST,JET SWEEP,JET SWEEP,5 ST,0,0,Pass Complete
334.0,3.0,334.0,-46.0,3.0,25.0,3.025.0,0.0,Pass,QUEENS OPEN,5 ST,5 ST,5 ST,5 ST,0,0,Run < 5 yds
336.0,4.0,336.0,-46.0,4.0,20.0,4.020.0,3.0,Pass,QUEENS OPEN,5 ST,5 ST,5 ST,5 ST,0,0,Run < 5 yds
8.0,1.0,8.0,-45.0,1.0,10.0,1.010.0,4.0,Run,KINGS OPEN,IZ RD,5 ST,5 ST,IZ RD,4th and Long Conversion,0,Run for 1st Down
9.0,2.0,9.0,-49.0,2.0,6.0,2.06.0,3.0,Pass,SPREAD,BUBBLE SCREEN,IZ RD,IZ RD,BUBBLE SCREEN,0,0,Run < 5 yds
10.0,3.0,10.0,48.0,3.0,3.0,3.03.0,3.0,Pass,QUADS,3 ST,BUBBLE SCREEN,BUBBLE SCREEN,3 ST,0,0,Run < 5 yds
26.0,1.0,26.0,11.0,1.0,10.0,1.010.0,3.0,Run,TWINS TITE HARDER,JET SWEEP,3 ST,3 ST,JET SWEEP,3rd Down Conversion,0,Run for 1st Down
27.0,2.0,27.0,8.0,2.0,7.0,2.07.0,3.0,Run,JOKER,OZ,JET SWEEP,JET SWEEP,OZ,0,0,Run < 5 yds
28.0,3.0,28.0,5.0,3.0,4.0,3.04.0,3.0,Pass,TWINS OPEN SOFTER,NAKED BOOT,OZ,OZ,NAKED BOOT,0,0,Run < 5 yds
32.0,1.0,32.0,-34.0,1.0,10.0,1.010.0,33.0,Pass,KINGS,SPRINT,NAKED BOOT,NAKED BOOT,SPRINT,3rd Down Conversion,Run/Pass > 30 yds,Run for 1st Down
33.0,1.0,33.0,33.0,1.0,10.0,1.010.0,7.0,Run,QUEENS TITE,IZ,SPRINT,SPRINT,IZ,0,0,Run for 1st Down
34.0,2.0,34.0,29.0,2.0,6.0,2.06.0,3.0,Run,TWINS TITE HARDER,IZ,IZ,IZ,IZ,0,0,Run < 5 yds
35.0,3.0,35.0,26.0,3.0,3.0,3.03.0,0.0,Pass,QUADS,5 ST,IZ,IZ,5 ST,0,0,Run < 5 yds
36.0,4.0,36.0,26.0,4.0,3.0,4.03.0,3.0,Pass,KINGS OPEN,SPRINT,5 ST,5 ST,SPRINT,0,0,Run < 5 yds
43.0,1.0,43.0,-44.0,1.0,10.0,1.010.0,3.0,Run,TWINS TITE SOFTER,OZ,SPRINT,SPRINT,OZ,4th and Short Conversion,0,Run for 1st Down
44.0,2.0,44.0,-47.0,2.0,7.0,2.07.0,-15.0,Pass,QUEENS TITE,BUBBLE SCREEN,OZ,OZ,BUBBLE SCREEN,0,0,Run < 0 yds
45.0,2.0,45.0,-32.0,2.0,22.0,2.022.0,0.0,Pass,QUEENS TITE,PA IZ,BUBBLE SCREEN,BUBBLE SCREEN,PA IZ,0,0,Run < 5 yds
46.0,3.0,46.0,-32.0,3.0,22.0,3.022.0,3.0,Run,EMPTY 3 X 2,QB DRAW,PA IZ,PA IZ,QB DRAW,0,0,Run < 5 yds
56.0,1.0,56.0,-22.0,1.0,10.0,1.010.0,3.0,Run,QUEENS TITE,IZ,QB DRAW,QB DRAW,IZ,3rd Down Conversion,0,Run for 1st Down
57.0,2.0,57.0,-25.0,2.0,7.0,2.07.0,2.0,Run,TWINS OPEN HARDER,SPLIT IZ,IZ,IZ,SPLIT IZ,0,0,Run < 5 yds
58.0,3.0,58.0,-27.0,3.0,5.0,3.05.0,3.0,Pass,QUEENS TITE,BUBBLE SCREEN,SPLIT IZ,SPLIT IZ,BUBBLE SCREEN,0,0,Run < 5 yds
67.0,1.0,67.0,-11.0,1.0,10.0,1.010.0,3.0,Run,QUEENS OPEN,IZ,BUBBLE SCREEN,BUBBLE SCREEN,IZ,3rd Down Conversion,0,Run for 1st Down
68.0,2.0,68.0,-14.0,2.0,7.0,2.07.0,-5.0,Pass,QUADS,3 ST,IZ,IZ,3 ST,0,0,Run < 0 yds
69.0,2.0,69.0,-9.0,2.0,12.0,2.012.0,4.0,Run,QUEENS OPEN,QB ISO,3 ST,3 ST,QB ISO,0,0,Run < 5 yds
70.0,3.0,70.0,-13.0,3.0,8.0,3.08.0,3.0,Run,QUADS BONE,JET SWEEP,QB ISO,QB ISO,JET SWEEP,0,0,Run < 5 yds
76.0,1.0,76.0,-10.0,1.0,10.0,1.010.0,5.0,Run,TWINS OPEN HARDER,OZ,JET SWEEP,JET SWEEP,OZ,3rd Down Conversion,0,Run for 1st Down
77.0,2.0,77.0,-15.0,2.0,5.0,2.05.0,3.0,Run,QUEENS OPEN,IZ RD,OZ,OZ,IZ RD,0,0,Run < 5 yds
80.0,1.0,80.0,-12.0,1.0,10.0,1.010.0,3.0,Run,VICTORY,KNEEL,IZ RD,IZ RD,KNEEL,2nd Down Conversion,0,Run for 1st Down
82.0,1.0,82.0,-36.0,1.0,10.0,1.010.0,1.0,Run,SPREAD,IZ,KNEEL,KNEEL,IZ,0,0,Run for 1st Down
83.0,2.0,83.0,-37.0,2.0,9.0,2.09.0,0.0,Pass,QUEENS TITE,BUBBLE SCREEN,IZ,IZ,BUBBLE SCREEN,0,0,Run < 5 yds
84.0,3.0,84.0,-37.0,3.0,9.0,3.09.0,3.0,Pass,KINGS OPEN,SPRINT,BUBBLE SCREEN,BUBBLE SCREEN,SPRINT,0,0,Run < 5 yds
90.0,1.0,90.0,37.0,1.0,10.0,1.010.0,3.0,Pass,QUADS,PA IZ,SPRINT,SPRINT,PA IZ,3rd Down Conversion,0,Run for 1st Down
95.0,1.0,95.0,-31.0,1.0,10.0,1.010.0,19.0,Run,QUEENS OPEN,POWER,PA IZ,PA IZ,POWER,0,0,Run for 1st Down
96.0,1.0,96.0,50.0,1.0,10.0,1.010.0,-10.0,Run,QUEENS OPEN,POWER,POWER,POWER,POWER,0,0,Run < 0 yds
97.0,1.0,97.0,-40.0,1.0,20.0,1.020.0,-5.0,Run,EMPTY 3 X 2,QB DRAW,POWER,POWER,QB DRAW,0,0,Run < 0 yds
98.0,2.0,98.0,-35.0,2.0,25.0,2.025.0,10.0,Run,QUEENS OPEN,LONG TRAP,QB DRAW,QB DRAW,LONG TRAP,0,0,0
99.0,3.0,99.0,-45.0,3.0,15.0,3.015.0,3.0,Pass,QUEENS OPEN,5 ST,LONG TRAP,LONG TRAP,5 ST,0,0,Run < 5 yds
108.0,1.0,108.0,-17.0,1.0,10.0,1.010.0,0.0,Run,TWINS OPEN SOFTER,LONG TRAP,5 ST,5 ST,LONG TRAP,0,0,Run < 5 yds
110.0,3.0,110.0,-16.0,3.0,11.0,3.011.0,3.0,Pass,QUEENS OPEN,5 ST,LONG TRAP,LONG TRAP,5 ST,0,0,Run < 5 yds
117.0,1.0,117.0,-26.0,1.0,10.0,1.010.0,41.0,Pass,QUADS BONE,PA JET SWEEP,5 ST,5 ST,PA JET SWEEP,3rd Down Conversion,Run/Pass > 30 yds,Run for 1st Down
118.0,1.0,118.0,33.0,1.0,10.0,1.010.0,3.0,Run,QUEENS OPEN,IZ RPO,PA JET SWEEP,PA JET SWEEP,IZ RPO,0,0,Run for 1st Down
125.0,1.0,125.0,-44.0,1.0,10.0,1.010.0,24.0,Run,QUEENS OPEN,POWER,IZ RPO,IZ RPO,POWER,0,0,Run for 1st Down
126.0,1.0,126.0,32.0,1.0,10.0,1.010.0,8.0,Run,QUEENS OPEN,IZ,POWER,POWER,IZ,0,0,Run for 1st Down
127.0,2.0,127.0,24.0,2.0,2.0,2.02.0,9.0,Run,JOKER,JET SWEEP,IZ,IZ,JET SWEEP,0,0,0
128.0,1.0,128.0,15.0,1.0,10.0,1.010.0,0.0,Run,QUEENS OPEN,LONG TRAP,JET SWEEP,JET SWEEP,LONG TRAP,0,0,Run < 5 yds
129.0,2.0,129.0,15.0,2.0,10.0,2.010.0,3.0,Pass,QUEENS OPEN,5 ST,LONG TRAP,LONG TRAP,5 ST,0,0,Run < 5 yds
143.0,1.0,143.0,-14.0,1.0,10.0,1.010.0,2.0,Run,QUEENS OPEN,IZ,5 ST,5 ST,IZ,2nd Down Conversion,0,Run for 1st Down
144.0,2.0,144.0,-16.0,2.0,8.0,2.08.0,8.0,Run,TWINS OPEN SOFTER,MIDZONE RD,IZ,IZ,MIDZONE RD,0,0,0
145.0,1.0,145.0,-24.0,1.0,10.0,1.010.0,6.0,Run,JOKER,LONG TRAP,MIDZONE RD,MIDZONE RD,LONG TRAP,2nd Down Conversion,0,Run for 1st Down
146.0,2.0,146.0,-30.0,2.0,4.0,2.04.0,-4.0,Run,JOKER,JET SWEEP,LONG TRAP,LONG TRAP,JET SWEEP,0,0,Run < 0 yds
147.0,3.0,147.0,-26.0,3.0,8.0,3.08.0,31.0,Pass,TWINS OPEN SOFTER,PA JET SWEEP,JET SWEEP,JET SWEEP,PA JET SWEEP,0,Run/Pass > 30 yds,Run < 10 yds
148.0,1.0,148.0,43.0,1.0,10.0,1.010.0,15.0,Run,QUADS BONE,OZ,PA JET SWEEP,PA JET SWEEP,OZ,3rd Down Conversion,0,Run for 1st Down
149.0,1.0,149.0,28.0,1.0,10.0,1.010.0,18.0,Run,QUEENS OPEN,IZ,OZ,OZ,IZ,0,0,Run for 1st Down
150.0,1.0,150.0,10.0,1.0,10.0,1.010.0,5.0,Run,QUEENS OPEN,IZ,IZ,IZ,IZ,0,0,Run for 1st Down
151.0,2.0,151.0,5.0,2.0,5.0,2.05.0,-80.0,Run,TWINS OPEN SOFTER,OZ,IZ,IZ,OZ,0,0,Run < 0 yds
152.0,2.0,152.0,15.0,2.0,15.0,2.015.0,5.0,Run,QUEENS OPEN,IZ,OZ,OZ,IZ,0,0,0
153.0,3.0,153.0,10.0,3.0,10.0,3.010.0,3.0,Pass,QUEENS OPEN,5 ST,IZ,IZ,5 ST,0,0,Run < 5 yds
165.0,1.0,165.0,-24.0,1.0,10.0,1.010.0,1.0,Run,KINGS OPEN,MIDZONE RD,5 ST,5 ST,MIDZONE RD,3rd Down Conversion,0,Run for 1st Down
166.0,2.0,166.0,-25.0,2.0,9.0,2.09.0,3.0,Run,KINGS WING UNB,JET SWEEP,MIDZONE RD,MIDZONE RD,JET SWEEP,0,0,Run < 5 yds
167.0,1.0,167.0,-43.0,1.0,10.0,1.010.0,1.0,Run,SPREAD,IZ,JET SWEEP,JET SWEEP,IZ,2nd Down Conversion,0,Run for 1st Down
169.0,3.0,169.0,-46.0,3.0,7.0,3.07.0,3.0,Run,VICTORY,KNEEL,IZ,IZ,KNEEL,0,0,Run < 5 yds
10.0,1.0,10.0,37.0,1.0,10.0,1.010.0,8.0,Run,QUADS BONE,JET SWEEP,KNEEL,KNEEL,JET SWEEP,3rd Down Conversion,0,Run for 1st Down
11.0,2.0,11.0,29.0,2.0,2.0,2.02.0,5.0,Pass,3X2,3ST,JET SWEEP,JET SWEEP,3ST,0,0,Pass Complete
12.0,1.0,12.0,24.0,1.0,10.0,1.010.0,11.0,Pass,QUEENS OPEN,BUBBLE,3ST,3ST,BUBBLE,2nd Down Conversion,0,Run for 1st Down
13.0,1.0,13.0,13.0,1.0,10.0,1.010.0,3.0,Run,QUEENS OPEN BUNCH,OZ,BUBBLE,BUBBLE,OZ,0,0,Run for 1st Down
19.0,1.0,19.0,21.0,1.0,10.0,1.010.0,3.0,Run,JOKER,OZ,OZ,OZ,OZ,0,0,Run for 1st Down
20.0,2.0,20.0,18.0,2.0,7.0,2.07.0,12.0,Pass,3X2 WING,5ST,OZ,OZ,5ST,0,0,Run < 10 yds
21.0,1.0,21.0,6.0,1.0,6.0,1.06.0,-10.0,Run,QUADS BONE,JET SWEEP,5ST,5ST,JET SWEEP,0,0,Run < 0 yds
23.0,1.0,23.0,16.0,1.0,16.0,1.016.0,1.0,Run,TWINS TITE HARDER,OZ,JET SWEEP,JET SWEEP,OZ,0,0,Run < 5 yds
24.0,2.0,24.0,15.0,2.0,15.0,2.015.0,11.0,Pass,3X2 WING,5ST,OZ,OZ,5ST,0,0,Run < 10 yds
26.0,3.0,26.0,4.0,3.0,4.0,3.04.0,3.0,Pass,TWINS OPEN SOFTER,3ST,5ST,5ST,3ST,0,0,Run < 5 yds
37.0,1.0,37.0,42.0,1.0,10.0,1.010.0,11.0,Run,QUADS BONE,OZ,3ST,3ST,OZ,3rd Down Conversion,0,Run for 1st Down
38.0,1.0,38.0,31.0,1.0,10.0,1.010.0,3.0,Run,QUADS BONE,JET SWEEP,OZ,OZ,JET SWEEP,0,0,Run for 1st Down
40.0,2.0,40.0,24.0,2.0,3.0,2.03.0,3.0,Pass,3X2 WING,3ST,JET SWEEP,JET SWEEP,3ST,0,0,Run < 5 yds
42.0,3.0,42.0,22.0,3.0,1.0,3.01.0,3.0,Pass,3X2 WING,3ST,3ST,3ST,3ST,0,0,Run < 5 yds
44.0,1.0,44.0,19.0,1.0,10.0,1.010.0,9.0,Run,QUEENS OPEN BUNCH,IZ,3ST,3ST,IZ,3rd Down Conversion,0,Run for 1st Down
46.0,2.0,46.0,10.0,2.0,1.0,2.01.0,5.0,Run,QUEENS OPEN DOUBLE WING,IZ RD,IZ,IZ,IZ RD,0,0,0
48.0,1.0,48.0,5.0,1.0,5.0,1.05.0,2.0,Run,JOKER,JET SWEEP,IZ RD,IZ RD,JET SWEEP,2nd Down Conversion,0,Run < 5 yds
50.0,2.0,50.0,3.0,2.0,3.0,2.03.0,3.0,Run,QUEENS OPEN BUNCH,IZ RD,JET SWEEP,JET SWEEP,IZ RD,0,0,Run < 5 yds
61.0,1.0,61.0,-48.0,1.0,10.0,1.010.0,7.0,Run,JOKER,IZ RD,IZ RD,IZ RD,IZ RD,2nd Down Conversion,0,Run for 1st Down
62.0,2.0,62.0,45.0,2.0,3.0,2.03.0,-3.0,Run,QUADS BONE,JET SWEEP,IZ RD,IZ RD,JET SWEEP,0,0,Run < 0 yds
63.0,3.0,63.0,48.0,3.0,6.0,3.06.0,3.0,Pass,QUEENS OPEN,3ST,JET SWEEP,JET SWEEP,3ST,0,0,Run < 5 yds
84.0,1.0,84.0,-8.0,1.0,10.0,1.010.0,5.0,Run,JOKER,CTR SW,3ST,3ST,CTR SW,3rd Down Conversion,0,Run for 1st Down
85.0,2.0,85.0,-13.0,2.0,5.0,2.05.0,5.0,Run,TWINS TITE HARDER,OZ,CTR SW,CTR SW,OZ,0,0,0
87.0,1.0,87.0,-18.0,1.0,10.0,1.010.0,1.0,Run,KINGS OPEN,IZ,OZ,OZ,IZ,2nd Down Conversion,0,Run for 1st Down
89.0,2.0,89.0,-19.0,2.0,9.0,2.09.0,7.0,Run,PRO SOFTER,JET SWEEP,IZ,IZ,JET SWEEP,0,0,0
91.0,3.0,91.0,-26.0,3.0,2.0,3.02.0,3.0,Run,TWINS TITE SOFTER,JET SWEEP,JET SWEEP,JET SWEEP,JET SWEEP,0,0,Run < 5 yds
93.0,1.0,93.0,-34.0,1.0,10.0,1.010.0,3.0,Pass,QUADS BONE,PA JET SWEEP,JET SWEEP,JET SWEEP,PA JET SWEEP,3rd Down Conversion,0,Run for 1st Down
95.0,2.0,95.0,-34.0,2.0,10.0,2.010.0,0.0,Run,QUEENS OPEN BUNCH,OZ,PA JET SWEEP,PA JET SWEEP,OZ,0,0,Run < 5 yds
99.0,2.0,99.0,-34.0,2.0,10.0,2.010.0,25.0,Pass,TWINS OPEN SOFTER,PA JET SWEEP,OZ,OZ,PA JET SWEEP,0,0,Run < 10 yds
101.0,1.0,101.0,41.0,1.0,15.0,1.015.0,1.0,Run,QUADS BONE,JET SWEEP,PA JET SWEEP,PA JET SWEEP,JET SWEEP,2nd Down Conversion,0,Run < 5 yds
102.0,2.0,102.0,40.0,2.0,14.0,2.014.0,0.0,Pass,3X2 WING,3ST,JET SWEEP,JET SWEEP,3ST,0,0,Run < 5 yds
104.0,3.0,104.0,40.0,3.0,14.0,3.014.0,3.0,Pass,QUEENS OPEN,5ST,3ST,3ST,5ST,0,0,Run < 5 yds
106.0,4.0,106.0,34.0,4.0,8.0,4.08.0,3.0,Pass,QUADS,5ST,5ST,5ST,5ST,0,0,Run < 5 yds
107.0,4.0,107.0,34.0,4.0,8.0,4.08.0,3.0,Pass,QUADS,5ST,5ST,5ST,5ST,0,0,Run < 5 yds
115.0,1.0,115.0,-47.0,1.0,10.0,1.010.0,1.0,Run,QUEENS OPEN BUNCH,OZ,5ST,5ST,OZ,4th and Long Conversion,0,Run for 1st Down
116.0,2.0,116.0,-48.0,2.0,9.0,2.09.0,3.0,Run,3X2 BONE,JET SWEEP,OZ,OZ,JET SWEEP,0,0,Run < 5 yds
118.0,1.0,118.0,37.0,1.0,10.0,1.010.0,7.0,Pass,QUEENS OPEN,BUBBLE,JET SWEEP,JET SWEEP,BUBBLE,2nd Down Conversion,0,Run for 1st Down
120.0,2.0,120.0,30.0,2.0,3.0,2.03.0,3.0,Run,3X2 BONE,JET SWEEP,BUBBLE,BUBBLE,JET SWEEP,0,0,Run < 5 yds
121.0,1.0,121.0,27.0,1.0,10.0,1.010.0,4.0,Run,QUEENS OPEN,IZ RD,JET SWEEP,JET SWEEP,IZ RD,2nd Down Conversion,0,Run for 1st Down
123.0,2.0,123.0,23.0,2.0,1.0,2.01.0,0.0,Run,QUEENS OPEN BUNCH,OZ RD,IZ RD,IZ RD,OZ RD,0,0,Run < 5 yds
124.0,1.0,124.0,23.0,1.0,10.0,1.010.0,10.0,Pass,TWINS OPEN SOFTER,3ST,OZ RD,OZ RD,3ST,2nd Down Conversion,0,Run for 1st Down
126.0,2.0,126.0,13.0,2.0,10.0,2.010.0,5.0,Run,3X2,QB DRAW,3ST,3ST,QB DRAW,0,0,0
128.0,3.0,128.0,8.0,3.0,5.0,3.05.0,3.0,Run,QUADS,IZ RD,QB DRAW,QB DRAW,IZ RD,0,0,Run < 5 yds
132.0,1.0,132.0,-45.0,1.0,10.0,1.010.0,3.0,Run,TWINS TITE HARDER,IZ3 RD,IZ RD,IZ RD,IZ3 RD,3rd Down Conversion,0,Run for 1st Down
134.0,2.0,134.0,49.0,2.0,4.0,2.04.0,2.0,Run,QUEENS TITE,IZ3 RD,IZ3 RD,IZ3 RD,IZ3 RD,0,0,Run < 5 yds
136.0,3.0,136.0,47.0,3.0,2.0,3.02.0,3.0,Run,TWINS TITE SOFTER,JET SWEEP,IZ3 RD,IZ3 RD,JET SWEEP,0,0,Run < 5 yds
150.0,1.0,150.0,-21.0,1.0,10.0,1.010.0,3.0,Pass,QUEENS OPEN,BUBBLE,JET SWEEP,JET SWEEP,BUBBLE,3rd Down Conversion,0,Run for 1st Down
152.0,2.0,152.0,-25.0,2.0,6.0,2.06.0,30.0,Run,QUADS,IZ RD,BUBBLE,BUBBLE,IZ RD,0,0,Run < 10 yds
154.0,1.0,154.0,45.0,1.0,10.0,1.010.0,3.0,Pass,TWINS OPEN SOFTER,PA JET SWEEP,IZ RD,IZ RD,PA JET SWEEP,2nd Down Conversion,0,Run for 1st Down
170.0,1.0,170.0,-30.0,1.0,10.0,1.010.0,4.0,Run,QUEENS OPEN,IZ RD,PA JET SWEEP,PA JET SWEEP,IZ RD,0,0,Run for 1st Down
171.0,2.0,171.0,-34.0,2.0,6.0,2.06.0,8.0,Run,TWINS OPEN HARDER,IZ RD,IZ RD,IZ RD,IZ RD,0,0,0
173.0,1.0,173.0,-42.0,1.0,10.0,1.010.0,4.0,Pass,QUEENS OPEN BUNCH,RB SWING,IZ RD,IZ RD,RB SWING,2nd Down Conversion,0,Run for 1st Down
175.0,2.0,175.0,-46.0,2.0,6.0,2.06.0,-1.0,Run,QUEENS OPEN BUNCH,IZ3 RD,RB SWING,RB SWING,IZ3 RD,0,0,Run < 0 yds
177.0,3.0,177.0,-45.0,3.0,7.0,3.07.0,37.0,Pass,QUADS,5ST,IZ3 RD,IZ3 RD,5ST,0,Run/Pass > 30 yds,Run < 10 yds
179.0,1.0,179.0,18.0,1.0,10.0,1.010.0,3.0,Run,QUEENS OPEN BUNCH,JET SWEEP,5ST,5ST,JET SWEEP,3rd Down Conversion,0,Run for 1st Down
181.0,2.0,181.0,22.0,2.0,14.0,2.014.0,13.0,Run,SPREAD,IZ,JET SWEEP,JET SWEEP,IZ,0,0,Run < 10 yds
201.0,1.0,201.0,-19.0,1.0,10.0,1.010.0,8.0,Run,SPREAD,IZ3 RD,IZ,IZ,IZ3 RD,2nd Down Conversion,0,Run for 1st Down
202.0,2.0,202.0,-27.0,2.0,2.0,2.02.0,1.0,Run,SPREAD,IZ3 RD,IZ3 RD,IZ3 RD,IZ3 RD,0,0,Run < 5 yds
203.0,3.0,203.0,-28.0,3.0,1.0,3.01.0,47.0,Run,QUADS BONE,CTR,IZ3 RD,IZ3 RD,CTR,0,Run/Pass > 30 yds,Run < 10 yds
204.0,1.0,204.0,25.0,1.0,10.0,1.010.0,7.0,Run,KINGS OPEN,IZ,CTR,CTR,IZ,3rd Down Conversion,0,Run for 1st Down
206.0,2.0,206.0,18.0,2.0,3.0,2.03.0,0.0,Run,TWINS TITE HARDER,IZ,IZ,IZ,IZ,0,0,Run < 5 yds
208.0,1.0,208.0,9.0,1.0,9.0,1.09.0,3.0,Run,KINGS OPEN,IZ,IZ,IZ,IZ,2nd Down Conversion,0,Run < 5 yds
210.0,2.0,210.0,8.0,2.0,8.0,2.08.0,6.0,Run,QUEENS TITE,JET SWEEP,IZ,IZ,JET SWEEP,0,0,0
212.0,3.0,212.0,2.0,3.0,2.0,3.02.0,1.0,Run,TWINS TITE HARDER,IZ,JET SWEEP,JET SWEEP,IZ,0,0,Run < 5 yds
213.0,4.0,213.0,1.0,4.0,1.0,4.01.0,3.0,Run,QUEENS TITE,QB SNEAK,IZ,IZ,QB SNEAK,0,0,Run < 5 yds
220.0,1.0,220.0,-45.0,1.0,10.0,1.010.0,5.0,Run,SPREAD,IZ,QB SNEAK,QB SNEAK,IZ,4th and Short Conversion,0,Run for 1st Down
221.0,2.0,221.0,50.0,2.0,5.0,2.05.0,3.0,Run,KINGS OPEN,OZ,IZ,IZ,OZ,0,0,Run < 5 yds
223.0,3.0,223.0,47.0,3.0,2.0,3.02.0,3.0,Run,TWINS TITE HARDER,IZ RD,OZ,OZ,IZ RD,0,0,Run < 5 yds
225.0,1.0,225.0,44.0,1.0,10.0,1.010.0,3.0,Run,TWINS TITE HARDER,JET SWEEP,IZ RD,IZ RD,JET SWEEP,3rd Down Conversion,0,Run for 1st Down
227.0,1.0,227.0,44.0,1.0,10.0,1.010.0,3.0,Run,SPREAD,IZ RD,JET SWEEP,JET SWEEP,IZ RD,0,0,Run for 1st Down
229.0,2.0,229.0,44.0,2.0,10.0,2.010.0,3.0,Run,KINGS OPEN,IZ RD,IZ RD,IZ RD,IZ RD,0,0,Run < 5 yds
231.0,3.0,231.0,41.0,3.0,7.0,3.07.0,3.0,Run,QUEENS TITE,JET SWEEP,IZ RD,IZ RD,JET SWEEP,0,0,Run < 5 yds
241.0,1.0,241.0,-48.0,1.0,10.0,1.010.0,3.0,3.0,VICTORY,KNEEL,JET SWEEP,JET SWEEP,KNEEL,3rd Down Conversion,0,Run for 1st Down
